Date,Member,Tracked Time,Billable Amount
01 August 2024,Corina Dino,1h 59m,0.00
01 August 2024,"Ross Kirwan ",0h 07m,0.00
01 August 2024,Sunshine Madoro,10h 27m,0.00
01 August 2024,Dan Fabrigar,7h 51m,0.00
01 August 2024,Billy Pulido,4h 26m,0.00
01 August 2024,Rodwin Lindong,8h 40m,0.00
02 August 2024,Corina Dino,9h 02m,0.00
02 August 2024,Sunshine Madoro,4h 03m,0.00
02 August 2024,Dan Fabrigar,7h 56m,0.00
02 August 2024,Rodwin Lindong,8h 06m,0.00
03 August 2024,Corina Dino,1h 06m,0.00
04 August 2024,Sunshine Madoro,1h 19m,0.00
04 August 2024,Billy Pulido,3h 41m,0.00
05 August 2024,Corina Dino,4h 32m,0.00
05 August 2024,Sunshine Madoro,11h 37m,0.00
05 August 2024,Dan Fabrigar,8h 05m,0.00
05 August 2024,Billy Pulido,6h 05m,0.00
05 August 2024,Rodwin Lindong,8h 16m,0.00
06 August 2024,Corina Dino,4h 18m,0.00
06 August 2024,Sunshine Madoro,7h 58m,0.00
06 August 2024,Dan Fabrigar,8h 23m,0.00
06 August 2024,Billy Pulido,10h 60m,0.00
06 August 2024,Rodwin Lindong,8h 10m,0.00
07 August 2024,Corina Dino,6h 10m,0.00
07 August 2024,Sunshine Madoro,8h 40m,0.00
07 August 2024,Dan Fabrigar,8h 35m,0.00
07 August 2024,Billy Pulido,10h 04m,0.00
07 August 2024,Rodwin Lindong,8h 07m,0.00
08 August 2024,Corina Dino,6h 01m,0.00
08 August 2024,Sunshine Madoro,9h 51m,0.00
08 August 2024,Dan Fabrigar,8h 35m,0.00
08 August 2024,Billy Pulido,4h 52m,0.00
08 August 2024,Rodwin Lindong,5h 58m,0.00
09 August 2024,Corina Dino,4h 43m,0.00
09 August 2024,Sunshine Madoro,6h 29m,0.00
09 August 2024,Dan Fabrigar,7h 51m,0.00
09 August 2024,Rodwin Lindong,5h 40m,0.00
10 August 2024,Corina Dino,5h 46m,0.00
11 August 2024,Corina Dino,2h 29m,0.00
11 August 2024,Rodwin Lindong,4h 32m,0.00
12 August 2024,Corina Dino,5h 11m,0.00
12 August 2024,Sunshine Madoro,8h 02m,0.00
12 August 2024,Dan Fabrigar,8h 03m,0.00
12 August 2024,Billy Pulido,10h 09m,0.00
12 August 2024,Rodwin Lindong,8h 07m,0.00
13 August 2024,Corina Dino,6h 52m,0.00
13 August 2024,Sunshine Madoro,5h 14m,0.00
13 August 2024,Dan Fabrigar,10h 03m,0.00
13 August 2024,Billy Pulido,10h 01m,0.00
13 August 2024,Rodwin Lindong,8h 06m,0.00
14 August 2024,Corina Dino,5h 28m,0.00
14 August 2024,Sunshine Madoro,8h 26m,0.00
14 August 2024,Dan Fabrigar,8h 06m,0.00
14 August 2024,Billy Pulido,10h 05m,0.00
14 August 2024,Rodwin Lindong,8h 04m,0.00
15 August 2024,Corina Dino,7h 29m,0.00
15 August 2024,Sunshine Madoro,9h 25m,0.00
15 August 2024,Dan Fabrigar,8h 07m,0.00
15 August 2024,Billy Pulido,4h 47m,0.00
15 August 2024,Rodwin Lindong,7h 57m,0.00
16 August 2024,Corina Dino,5h 40m,0.00
16 August 2024,Sunshine Madoro,10h 05m,0.00
16 August 2024,Dan Fabrigar,8h 02m,0.00
16 August 2024,Rodwin Lindong,6h 55m,0.00
17 August 2024,Rodwin Lindong,1h 07m,0.00
19 August 2024,Corina Dino,3h 40m,0.00
19 August 2024,Sunshine Madoro,7h 04m,0.00
19 August 2024,Dan Fabrigar,8h 15m,0.00
19 August 2024,Billy Pulido,10h 02m,0.00
19 August 2024,Rodwin Lindong,8h 08m,0.00
20 August 2024,Sunshine Madoro,9h 08m,0.00
20 August 2024,Dan Fabrigar,8h 06m,0.00
20 August 2024,Billy Pulido,10h 05m,0.00
20 August 2024,Rodwin Lindong,7h 60m,0.00
21 August 2024,Corina Dino,11h 02m,0.00
21 August 2024,"Ross Kirwan ",1h 41m,0.00
21 August 2024,Sunshine Madoro,6h 04m,0.00
21 August 2024,Dan Fabrigar,8h 08m,0.00
21 August 2024,Billy Pulido,11h 15m,0.00
21 August 2024,Rodwin Lindong,8h 05m,0.00
22 August 2024,Corina Dino,7h 31m,0.00
22 August 2024,"Ross Kirwan ",4h 55m,0.00
22 August 2024,Sunshine Madoro,9h 03m,0.00
22 August 2024,Dan Fabrigar,8h 03m,0.00
22 August 2024,Rodwin Lindong,8h 13m,0.00
23 August 2024,Corina Dino,3h 00m,0.00
23 August 2024,"Ross Kirwan ",2h 31m,0.00
23 August 2024,Sunshine Madoro,11h 27m,0.00
23 August 2024,Dan Fabrigar,8h 06m,0.00
23 August 2024,Billy Pulido,3h 47m,0.00
23 August 2024,Rodwin Lindong,5h 55m,0.00
25 August 2024,Billy Pulido,1h 30m,0.00
25 August 2024,Rodwin Lindong,1h 58m,0.00
26 August 2024,Corina Dino,5h 60m,0.00
26 August 2024,Sunshine Madoro,1h 45m,0.00
26 August 2024,Dan Fabrigar,8h 01m,0.00
26 August 2024,Billy Pulido,5h 05m,0.00
26 August 2024,Rodwin Lindong,8h 05m,0.00
27 August 2024,Corina Dino,6h 00m,0.00
27 August 2024,Dan Fabrigar,7h 49m,0.00
27 August 2024,Billy Pulido,12h 10m,0.00
27 August 2024,Rodwin Lindong,8h 07m,0.00
28 August 2024,Corina Dino,5h 60m,0.00
28 August 2024,Sunshine Madoro,8h 08m,0.00
28 August 2024,Dan Fabrigar,6h 07m,0.00
28 August 2024,Billy Pulido,10h 07m,0.00
28 August 2024,Rodwin Lindong,9h 09m,0.00
29 August 2024,Sunshine Madoro,6h 37m,0.00
29 August 2024,Dan Fabrigar,6h 02m,0.00
29 August 2024,Billy Pulido,7h 03m,0.00
29 August 2024,Rodwin Lindong,9h 09m,0.00
30 August 2024,Corina Dino,5h 60m,0.00
30 August 2024,Sunshine Madoro,12h 14m,0.00
30 August 2024,Rodwin Lindong,4h 42m,0.00
31 August 2024,Corina Dino,2h 01m,0.00
